Date,Reservoir,Full Tank Level (ft),Full Capacity mcft,Level (ft),Storage Mcft,Inflow (cusecs),Outflow (cusecs),Rainfall (mm),Storage as on same day last year (mcft)
01-11-2005,CHEMBARAMBAKKAM,85.4,3645,74.8,1259,278,0,3,72
02-11-2005,CHEMBARAMBAKKAM,85.4,3645,74.85,1259,0,0,0,78
03-11-2005,CHEMBARAMBAKKAM,85.4,3645,74.9,1268,104,0,2,78
04-11-2005,CHEMBARAMBAKKAM,85.4,3645,75,1284,185,0,7,78
05-11-2005,CHEMBARAMBAKKAM,85.4,3645,75.15,1310,301,0,40,78
06-11-2005,CHEMBARAMBAKKAM,85.4,3645,75.5,1371,706,0,54,101
07-11-2005,CHEMBARAMBAKKAM,85.4,3645,77.5,1739,4259,0,170,170
08-11-2005,CHEMBARAMBAKKAM,85.4,3645,79.15,2080,3900,0,52,250
09-11-2005,CHEMBARAMBAKKAM,85.4,3645,80.5,2387,3600,0,27,284
10-11-2005,CHEMBARAMBAKKAM,85.4,3645,81.35,2591,2400,0,0,292
11-11-2005,CHEMBARAMBAKKAM,85.4,3645,81.75,2690,1100,0,0,292
12-11-2005,CHEMBARAMBAKKAM,85.4,3645,81.9,2728,400,0,5,292
13-11-2005,CHEMBARAMBAKKAM,85.4,3645,82,2753,400,0,0,437
14-11-2005,CHEMBARAMBAKKAM,85.4,3645,82,2753,0,0,0,491
15-11-2005,CHEMBARAMBAKKAM,85.4,3645,82,2753,0,0,0,502
16-11-2005,CHEMBARAMBAKKAM,85.4,3645,82,2753,0,0,0,502
17-11-2005,CHEMBARAMBAKKAM,85.4,3645,82,2753,0,0,0,502
18-11-2005,CHEMBARAMBAKKAM,85.4,3645,82,2753,0,0,0,502
19-11-2005,CHEMBARAMBAKKAM,85.4,3645,81.99,2750,0,0,0,502
20-11-2005,CHEMBARAMBAKKAM,85.4,3645,81.97,2746,0,0,0,502
21-11-2005,CHEMBARAMBAKKAM,85.4,3645,81.96,2743,0,0,6,502
22-11-2005,CHEMBARAMBAKKAM,85.4,3645,82.25,2817,850,0,68,502
23-11-2005,CHEMBARAMBAKKAM,85.4,3645,82.6,2908,1600,1600,49,502
24-11-2005,CHEMBARAMBAKKAM,85.4,3645,82.9,2986,3500,3500,23,501
25-11-2005,CHEMBARAMBAKKAM,85.4,3645,82.9,2986,3500,3500,24,500
26-11-2005,CHEMBARAMBAKKAM,85.4,3645,82.95,3031,4500,4500,68,499
27-11-2005,CHEMBARAMBAKKAM,85.4,3645,82.6,2908,2500,2500,11,499
28-11-2005,CHEMBARAMBAKKAM,85.4,3645,82.6,2908,2000,2000,0,498
29-11-2005,CHEMBARAMBAKKAM,85.4,3645,82.6,2908,500,500,0,496
30-11-2005,CHEMBARAMBAKKAM,85.4,3645,82.6,2908,500,500,0,495
01-12-2005,CHEMBARAMBAKKAM,85.4,3645,82.6,2908,0,0,0,494
02-12-2005,CHEMBARAMBAKKAM,85.4,3645,82.6,2908,0,0,2,492
03-12-2005,CHEMBARAMBAKKAM,85.4,3645,83.4,3120,10000,10000,255,489
04-12-2005,CHEMBARAMBAKKAM,85.4,3645,83.25,3080,12000,12000,42,486
05-12-2005,CHEMBARAMBAKKAM,85.4,3645,83,3013,11000,11000,1,483
06-12-2005,CHEMBARAMBAKKAM,85.4,3645,82.8,2960,5500,4500,0,480
07-12-2005,CHEMBARAMBAKKAM,85.4,3645,82.8,2960,300,2500,0,478
08-12-2005,CHEMBARAMBAKKAM,85.4,3645,82.7,2934,1340,1500,0,476
09-12-2005,CHEMBARAMBAKKAM,85.4,3645,82.3,2830,700,2500,0,474
10-12-2005,CHEMBARAMBAKKAM,85.4,3645,81.55,2640,358,500,0,472
11-12-2005,CHEMBARAMBAKKAM,85.4,3645,81.8,2703,845,0,3,469
12-12-2005,CHEMBARAMBAKKAM,85.4,3645,81.95,2740,438,0,4,466
13-12-2005,CHEMBARAMBAKKAM,85.4,3645,82.35,2843,1990,0,38,463
14-12-2005,CHEMBARAMBAKKAM,85.4,3645,82.85,2973,4500,4000,2,460
15-12-2005,CHEMBARAMBAKKAM,85.4,3645,82.9,2986,3500,2000,0,458
16-12-2005,CHEMBARAMBAKKAM,85.4,3645,83.1,3040,2000,1500,0,455
17-12-2005,CHEMBARAMBAKKAM,85.4,3645,83.15,3053,1000,1000,0,452
18-12-2005,CHEMBARAMBAKKAM,85.4,3645,83.1,3040,1555,1000,22,449
19-12-2005,CHEMBARAMBAKKAM,85.4,3645,82.45,2866,1600,5000,30,446
20-12-2005,CHEMBARAMBAKKAM,85.4,3645,82.2,2804,700,700,8,443
21-12-2005,CHEMBARAMBAKKAM,85.4,3645,82.4,2855,590,0,2,440
22-12-2005,CHEMBARAMBAKKAM,85.4,3645,82.6,2908,613,0,0,437
23-12-2005,CHEMBARAMBAKKAM,85.4,3645,82.75,2947,451,0,0,434
24-12-2005,CHEMBARAMBAKKAM,85.4,3645,82.8,2960,225,0,0,431
25-12-2005,CHEMBARAMBAKKAM,85.4,3645,82.85,2973,150,0,0,428
26-12-2005,CHEMBARAMBAKKAM,85.4,3645,82.9,2986,150,0,0,424
27-12-2005,CHEMBARAMBAKKAM,85.4,3645,82.9,2986,50,0,0,421
28-12-2005,CHEMBARAMBAKKAM,85.4,3645,82.9,2986,50,0,0,417
29-12-2005,CHEMBARAMBAKKAM,85.4,3645,82.9,2986,50,0,0,413
30-12-2005,CHEMBARAMBAKKAM,85.4,3645,82.9,2986,50,0,0,409
31-12-2005,CHEMBARAMBAKKAM,85.4,3645,82.9,2986,50,0,0,405
01-11-2008,CHEMBARAMBAKKAM,85.4,3645,78.07,1852,232,70,0,2728
02-11-2008,CHEMBARAMBAKKAM,85.4,3645,78.14,1866,232,70,0,2728
03-11-2008,CHEMBARAMBAKKAM,85.4,3645,78.22,1883,267,70,0,2728
04-11-2008,CHEMBARAMBAKKAM,85.4,3645,78.31,1901,278,70,0,2741
05-11-2008,CHEMBARAMBAKKAM,85.4,3645,78.4,1919,278,70,0,2753
06-11-2008,CHEMBARAMBAKKAM,85.4,3645,78.49,1938,278,70,0,2760
07-11-2008,CHEMBARAMBAKKAM,85.4,3645,78.58,1957,290,70,0,2760
08-11-2008,CHEMBARAMBAKKAM,85.4,3645,78.67,1976,290,70,0,2753
09-11-2008,CHEMBARAMBAKKAM,85.4,3645,78.76,1995,290,70,0,2747
10-11-2008,CHEMBARAMBAKKAM,85.4,3645,78.84,2013,278,70,0,2741
11-11-2008,CHEMBARAMBAKKAM,85.4,3645,78.87,2019,140,70,2,2735
12-11-2008,CHEMBARAMBAKKAM,85.4,3645,78.87,2019,0,70,0,2728
13-11-2008,CHEMBARAMBAKKAM,85.4,3645,78.96,2038,290,70,0,2721
14-11-2008,CHEMBARAMBAKKAM,85.4,3645,79.03,2053,243,70,0,2715
15-11-2008,CHEMBARAMBAKKAM,85.4,3645,79.1,2069,255,70,0,2703
16-11-2008,CHEMBARAMBAKKAM,85.4,3645,79.18,2086,267,70,5,2690
17-11-2008,CHEMBARAMBAKKAM,85.4,3645,79.26,2105,290,70,0,2678
18-11-2008,CHEMBARAMBAKKAM,85.4,3645,79.34,2121,255,70,0,2665
19-11-2008,CHEMBARAMBAKKAM,85.4,3645,79.42,2140,290,70,0,2665
20-11-2008,CHEMBARAMBAKKAM,85.4,3645,79.51,2159,290,70,0,2653
21-11-2008,CHEMBARAMBAKKAM,85.4,3645,79.59,2178,290,70,0,2715
22-11-2008,CHEMBARAMBAKKAM,85.4,3645,78.81,2226,625,70,36,2728
23-11-2008,CHEMBARAMBAKKAM,85.4,3645,80.15,2305,984,70,38,2722
24-11-2008,CHEMBARAMBAKKAM,85.4,3645,80.41,2365,764,70,20,2715
25-11-2008,CHEMBARAMBAKKAM,85.4,3645,80.55,2398,452,70,0,2709
26-11-2008,CHEMBARAMBAKKAM,85.4,3645,81.05,2518,1469,70,93,2703
27-11-2008,CHEMBARAMBAKKAM,85.4,3645,82.73,2941,4966,70,138,2696
28-11-2008,CHEMBARAMBAKKAM,85.4,3645,83.45,3132,6002,8000,236,2690
29-11-2008,CHEMBARAMBAKKAM,85.4,3645,83.5,3146,6960,4000,37,2683
30-11-2008,CHEMBARAMBAKKAM,85.4,3645,83.43,3126,2700,3000,27,2678
01-12-2008,CHEMBARAMBAKKAM,85.4,3645,83.55,3158,2000,2000,14,2671
02-12-2008,CHEMBARAMBAKKAM,85.4,3645,83.5,3146,700,700,2,2665
03-12-2008,CHEMBARAMBAKKAM,85.4,3645,83.5,3146,300,300,0,2658
04-12-2008,CHEMBARAMBAKKAM,85.4,3645,83.53,3154,300,70,0,2653
05-12-2008,CHEMBARAMBAKKAM,85.4,3645,83.55,3159,300,70,0,2646
06-12-2008,CHEMBARAMBAKKAM,85.4,3645,83.55,3159,300,300,0,2640
07-12-2008,CHEMBARAMBAKKAM,85.4,3645,83.55,3159,300,300,0,2640
08-12-2008,CHEMBARAMBAKKAM,85.4,3645,83.53,3154,300,800,0,2633
09-12-2008,CHEMBARAMBAKKAM,85.4,3645,83.43,3127,50,70,2,2628
10-12-2008,CHEMBARAMBAKKAM,85.4,3645,83.43,3127,70,70,6,2621
11-12-2008,CHEMBARAMBAKKAM,85.4,3645,83.43,3127,70,70,0,2616
12-12-2008,CHEMBARAMBAKKAM,85.4,3645,83.42,3125,50,80,0,2609
13-12-2008,CHEMBARAMBAKKAM,85.4,3645,83.4,3120,40,80,0,2603
14-12-2008,CHEMBARAMBAKKAM,85.4,3645,83.38,3115,30,80,0,2596
15-12-2008,CHEMBARAMBAKKAM,85.4,3645,83.36,3110,30,80,0,2590
16-12-2008,CHEMBARAMBAKKAM,85.4,3645,83.34,3105,30,80,0,2583
17-12-2008,CHEMBARAMBAKKAM,85.4,3645,83.32,3100,30,80,0,2577
18-12-2008,CHEMBARAMBAKKAM,85.4,3645,83.3,3095,30,80,0,2585
19-12-2008,CHEMBARAMBAKKAM,85.4,3645,83.28,3089,20,80,0,2690
20-12-2008,CHEMBARAMBAKKAM,85.4,3645,83.25,3081,0,80,0,3021
21-12-2008,CHEMBARAMBAKKAM,85.4,3645,83.22,3073,0,80,0,3159
22-12-2008,CHEMBARAMBAKKAM,85.4,3645,83.19,3064,0,80,0,3120
23-12-2008,CHEMBARAMBAKKAM,85.4,3645,83.16,3055,0,80,0,3120
24-12-2008,CHEMBARAMBAKKAM,85.4,3645,83.13,3048,0,80,0,3120
25-12-2008,CHEMBARAMBAKKAM,85.4,3645,83.1,3039,0,80,0,3120
26-12-2008,CHEMBARAMBAKKAM,85.4,3645,83.06,3030,0,80,0,3120
27-12-2008,CHEMBARAMBAKKAM,85.4,3645,83.03,3021,0,80,0,3120
28-12-2008,CHEMBARAMBAKKAM,85.4,3645,83,3012,0,80,0,3120
29-12-2008,CHEMBARAMBAKKAM,85.4,3645,82.97,3003,0,80,0,3120
30-12-2008,CHEMBARAMBAKKAM,85.4,3645,82.94,2995,0,80,0,3120
31-12-2008,CHEMBARAMBAKKAM,85.4,3645,82.91,2987,0,80,0,3120
01-11-2009,CHEMBARAMBAKKAM,85.4,3645,69.64,534,230,70,0,1852
02-11-2009,CHEMBARAMBAKKAM,85.4,3645,69.75,548,220,70,0,1866
03-11-2009,CHEMBARAMBAKKAM,85.4,3645,70,576,370,70,41,1883
04-11-2009,CHEMBARAMBAKKAM,85.4,3645,70.07,584,300,70,10,1901
05-11-2009,CHEMBARAMBAKKAM,85.4,3645,71.2,724,1620,60,125,1919
06-11-2009,CHEMBARAMBAKKAM,85.4,3645,72.1,843,1377,60,80,1938
07-11-2009,CHEMBARAMBAKKAM,85.4,3645,73.4,1029,2153,60,140,1957
08-11-2009,CHEMBARAMBAKKAM,85.4,3645,74.55,1210,2095,60,151,1976
09-11-2009,CHEMBARAMBAKKAM,85.4,3645,75.35,1344,1556,60,98,1995
10-11-2009,CHEMBARAMBAKKAM,85.4,3645,75.9,1441,1116,60,27,2013
11-11-2009,CHEMBARAMBAKKAM,85.4,3645,76.1,1477,470,60,14,2019
12-11-2009,CHEMBARAMBAKKAM,85.4,3645,76.15,1486,165,60,0,2019
13-11-2009,CHEMBARAMBAKKAM,85.4,3645,76.15,1486,60,60,0,2038
14-11-2009,CHEMBARAMBAKKAM,85.4,3645,76.1,1476.93,0,60,0,2053
15-11-2009,CHEMBARAMBAKKAM,85.4,3645,76.3,1513.09,478.52,60,47,2069
16-11-2009,CHEMBARAMBAKKAM,85.4,3645,76.6,1568.33,699.35,60,36,2086
17-11-2009,CHEMBARAMBAKKAM,85.4,3645,76.7,1586.91,275,60,0,2105
18-11-2009,CHEMBARAMBAKKAM,85.4,3645,76.75,1596.2,167.5,60,2,2121
19-11-2009,CHEMBARAMBAKKAM,85.4,3645,76.8,1605,167,60,39,2140
20-11-2009,CHEMBARAMBAKKAM,85.4,3645,76.8,1605,60,60,3,2159
21-11-2009,CHEMBARAMBAKKAM,85.4,3645,76.8,1605,60,60,2,2178
22-11-2009,CHEMBARAMBAKKAM,85.4,3645,76.8,1605,60,60,2,2226
23-11-2009,CHEMBARAMBAKKAM,85.4,3645,76.8,1605,60,60,0,2305
24-11-2009,CHEMBARAMBAKKAM,85.4,3645,76.8,1605,60,60,1,2365
25-11-2009,CHEMBARAMBAKKAM,85.4,3645,76.8,1605,60,60,2,2398
26-11-2009,CHEMBARAMBAKKAM,85.4,3645,76.75,1596,0,60,0,2518
27-11-2009,CHEMBARAMBAKKAM,85.4,3645,76.71,1589,0,60,0,2941
28-11-2009,CHEMBARAMBAKKAM,85.4,3645,76.66,1579,0,60,0,3132
29-11-2009,CHEMBARAMBAKKAM,85.4,3645,76.61,1570,0,60,0,3146
30-11-2009,CHEMBARAMBAKKAM,85.4,3645,76.65,1561,0,60,0,3126
01-12-2009,CHEMBARAMBAKKAM,85.4,3645,76.52,1552,0,60,0,3158
02-12-2009,CHEMBARAMBAKKAM,85.4,3645,76.55,1559,146,60,12,3146
03-12-2009,CHEMBARAMBAKKAM,85.4,3645,76.55,1559,60,60,7,3146
04-12-2009,CHEMBARAMBAKKAM,85.4,3645,76.57,1563,103,60,37,3154
05-12-2009,CHEMBARAMBAKKAM,85.4,3645,76.57,1563,60,60,0,3159
06-12-2009,CHEMBARAMBAKKAM,85.4,3645,76.55,1559,30,60,0,3159
07-12-2009,CHEMBARAMBAKKAM,85.4,3645,76.52,1553,0,60,0,3159
08-12-2009,CHEMBARAMBAKKAM,85.4,3645,76.49,1548,0,60,0,3154
09-12-2009,CHEMBARAMBAKKAM,85.4,3645,76.45,1540,0,60,0,3127
10-12-2009,CHEMBARAMBAKKAM,85.4,3645,76.41,1533,0,70,0,3127
11-12-2009,CHEMBARAMBAKKAM,85.4,3645,76.37,1526,0,70,0,3127
12-12-2009,CHEMBARAMBAKKAM,85.4,3645,76.33,1519,0,70,1,3125
13-12-2009,CHEMBARAMBAKKAM,85.4,3645,76.65,1578,754,70,51,3120
14-12-2009,CHEMBARAMBAKKAM,85.4,3645,76.95,1634,718,70,3,3115
15-12-2009,CHEMBARAMBAKKAM,85.4,3645,77.05,1652.69,290.83,70,0,3110
16-12-2009,CHEMBARAMBAKKAM,85.4,3645,77.7,1779,1527,70,96,3105
17-12-2009,CHEMBARAMBAKKAM,85.4,3645,78.05,1849,880,70,7,3100
18-12-2009,CHEMBARAMBAKKAM,85.4,3645,78.3,1900,700,70,10,3095
19-12-2009,CHEMBARAMBAKKAM,85.4,3645,78.5,1941,550,70,0,3089
20-12-2009,CHEMBARAMBAKKAM,85.4,3645,78.75,1994,681,70,2,3081
21-12-2009,CHEMBARAMBAKKAM,85.4,3645,79,2047,690,70,25,3073
22-12-2009,CHEMBARAMBAKKAM,85.4,3645,79.5,2157,1332,60,24,3064
23-12-2009,CHEMBARAMBAKKAM,85.4,3645,80.15,2305,1771,60,0,3055
24-12-2009,CHEMBARAMBAKKAM,85.4,3645,80.6,2410,1278,60,0,3048
25-12-2009,CHEMBARAMBAKKAM,85.4,3645,80.85,2470,746,60,0,3039
26-12-2009,CHEMBARAMBAKKAM,85.4,3645,80.95,2494,338,60,0,3030
27-12-2009,CHEMBARAMBAKKAM,85.4,3645,81,2506,201,60,0,3021
28-12-2009,CHEMBARAMBAKKAM,85.4,3645,81,2506,60,60,0,3012
29-12-2009,CHEMBARAMBAKKAM,85.4,3645,81,2506,60,60,0,3003
30-12-2009,CHEMBARAMBAKKAM,85.4,3645,81,2506,60,60,0,2995
31-12-2009,CHEMBARAMBAKKAM,85.4,3645,81,2506,60,60,0,2987
01-11-2010,CHEMBARAMBAKKAM,85.4,3645,76.38,1527,93,93,0,534
02-11-2010,CHEMBARAMBAKKAM,85.4,3645,76.33,1519,0,93,4,548
03-11-2010,CHEMBARAMBAKKAM,85.4,3645,76.29,1511,0,93,0,576
04-11-2010,CHEMBARAMBAKKAM,85.4,3645,76.25,1503,0,93,5,584
05-11-2010,CHEMBARAMBAKKAM,85.4,3645,76.2,1495,0,93,5,724
06-11-2010,CHEMBARAMBAKKAM,85.4,3645,76.2,1495,0,93,12,843
07-11-2010,CHEMBARAMBAKKAM,85.4,3645,76.25,1504,197,93,12,1029
08-11-2010,CHEMBARAMBAKKAM,85.4,3645,76.44,1539,498,93,49,1210
09-11-2010,CHEMBARAMBAKKAM,85.4,3645,76.47,1544,151,93,0,1344
10-11-2010,CHEMBARAMBAKKAM,85.4,3645,76.62,1572,417,93,16,1441
11-11-2010,CHEMBARAMBAKKAM,85.4,3645,76.85,1615,591,93,20,1477
12-11-2010,CHEMBARAMBAKKAM,85.4,3645,76.95,1634,313,93,0,1486
13-11-2010,CHEMBARAMBAKKAM,85.4,3645,77.04,1651,290,93,0,1486
14-11-2010,CHEMBARAMBAKKAM,85.4,3645,77.14,1670,313,93,0,1476.93
15-11-2010,CHEMBARAMBAKKAM,85.4,3645,77.2,1681,220,93,0,1513.09
16-11-2010,CHEMBARAMBAKKAM,85.4,3645,77.29,1698,290,93,3,1568.33
17-11-2010,CHEMBARAMBAKKAM,85.4,3645,77.64,1767,892,93,57,1586.91
18-11-2010,CHEMBARAMBAKKAM,85.4,3645,77.9,1818,683,93,25,1596.2
19-11-2010,CHEMBARAMBAKKAM,85.4,3645,78.08,1854,510,93,2,1605
20-11-2010,CHEMBARAMBAKKAM,85.4,3645,78.19,1877,359,93,0,1605
21-11-2010,CHEMBARAMBAKKAM,85.4,3645,78.42,1924,637,93,26,1605
22-11-2010,CHEMBARAMBAKKAM,85.4,3645,78.55,1951,405,93,2,1605
23-11-2010,CHEMBARAMBAKKAM,85.4,3645,78.65,1973,348,93,0,1605
24-11-2010,CHEMBARAMBAKKAM,85.4,3645,78.78,2000,405,93,0,1605
25-11-2010,CHEMBARAMBAKKAM,85.4,3645,78.92,2030,440,93,0,1605
26-11-2010,CHEMBARAMBAKKAM,85.4,3645,79.01,2049,313,93,2,1596
27-11-2010,CHEMBARAMBAKKAM,85.4,3645,79.11,2069,324,93,3,1589
28-11-2010,CHEMBARAMBAKKAM,85.4,3645,79.28,2109,556,93,3,1579
29-11-2010,CHEMBARAMBAKKAM,85.4,3645,79.37,2128,313,93,0,1570
30-11-2010,CHEMBARAMBAKKAM,85.4,3645,79.47,2150,348,93,0,1561
01-12-2010,CHEMBARAMBAKKAM,85.4,3645,79.7,2202,695,93,25,1552
02-12-2010,CHEMBARAMBAKKAM,85.4,3645,80.24,2326,1528,93,71,1559
03-12-2010,CHEMBARAMBAKKAM,85.4,3645,80.69,2432,1320,93,5,1559
04-12-2010,CHEMBARAMBAKKAM,85.4,3645,80.9,2481,660,93,0,1563
05-12-2010,CHEMBARAMBAKKAM,85.4,3645,81.08,2525,602,93,2,1563
06-12-2010,CHEMBARAMBAKKAM,85.4,3645,81.45,2616,1146,93,75,1559
07-12-2010,CHEMBARAMBAKKAM,85.4,3645,82.33,2838,2662,93,54,1553
08-12-2010,CHEMBARAMBAKKAM,85.4,3645,82.55,2892,3029,1093,8,1548
09-12-2010,CHEMBARAMBAKKAM,85.4,3645,82.4,2855,193,193,1,1540
10-12-2010,CHEMBARAMBAKKAM,85.4,3645,82.4,2855,193,193,0,1533
11-12-2010,CHEMBARAMBAKKAM,85.4,3645,82.43,2862,643,643,0,1526
12-12-2010,CHEMBARAMBAKKAM,85.4,3645,82.41,2857,193,193,0,1519
13-12-2010,CHEMBARAMBAKKAM,85.4,3645,82.53,2889,648,93,0,1578
14-12-2010,CHEMBARAMBAKKAM,85.4,3645,82.55,2895,162,93,18,1634
15-12-2010,CHEMBARAMBAKKAM,85.4,3645,82.6,2908,243,93,0,1652.69
16-12-2010,CHEMBARAMBAKKAM,85.4,3645,82.65,2921,243,93,18,1779
17-12-2010,CHEMBARAMBAKKAM,85.4,3645,82.8,2960,544,93,5,1849
18-12-2010,CHEMBARAMBAKKAM,85.4,3645,82.9,2986,394,93,11,1900
19-12-2010,CHEMBARAMBAKKAM,85.4,3645,82.9,2986,93,93,0,1941
20-12-2010,CHEMBARAMBAKKAM,85.4,3645,82.92,2991,151,93,5,1994
21-12-2010,CHEMBARAMBAKKAM,85.4,3645,82.95,2999,186,93,8,2047
22-12-2010,CHEMBARAMBAKKAM,85.4,3645,82.95,2999,93,93,0,2157
23-12-2010,CHEMBARAMBAKKAM,85.4,3645,82.95,2999,93,93,0,2305
24-12-2010,CHEMBARAMBAKKAM,85.4,3645,82.95,2999,93,93,0,2410
25-12-2010,CHEMBARAMBAKKAM,85.4,3645,83.11,3043,602,93,0,2470
26-12-2010,CHEMBARAMBAKKAM,85.4,3645,83.21,3070,422,110,0,2494
27-12-2010,CHEMBARAMBAKKAM,85.4,3645,83.38,3115,631,110,0,2506
28-12-2010,CHEMBARAMBAKKAM,85.4,3645,83.4,3120,168,110,0,2506
29-12-2010,CHEMBARAMBAKKAM,85.4,3645,83.41,3123,145,110,0,2506
30-12-2010,CHEMBARAMBAKKAM,85.4,3645,83.44,3130,191,110,0,2506
31-12-2010,CHEMBARAMBAKKAM,85.4,3645,83.44,3130,110,110,0,2506
01-11-2011,CHEMBARAMBAKKAM,85.4,3645,81.93,2735,462,150,48,1527
02-11-2011,CHEMBARAMBAKKAM,85.4,3645,82.06,2769,544,150,41,1519
03-11-2011,CHEMBARAMBAKKAM,85.4,3645,82.13,2786,544,150,9,1511
04-11-2011,CHEMBARAMBAKKAM,85.4,3645,82.21,2807,393,150,7,1503
05-11-2011,CHEMBARAMBAKKAM,85.4,3645,82.5,2882,978,110,60,1495
06-11-2011,CHEMBARAMBAKKAM,85.4,3645,82.9,2986,1204,1500,76,1495
07-11-2011,CHEMBARAMBAKKAM,85.4,3645,82.29,2827,1160,3000,0,1504
08-11-2011,CHEMBARAMBAKKAM,85.4,3645,82.09,2776,335,925,0,1539
09-11-2011,CHEMBARAMBAKKAM,85.4,3645,81.9,2728,240,800,0,1544
10-11-2011,CHEMBARAMBAKKAM,85.4,3645,81.85,2715,0,350,0,1572
11-11-2011,CHEMBARAMBAKKAM,85.4,3645,81.75,2690,0,350,0,1615
12-11-2011,CHEMBARAMBAKKAM,85.4,3645,81.69,2675,0,250,0,1634
13-11-2011,CHEMBARAMBAKKAM,85.4,3645,81.62,2658,0,250,0,1651
14-11-2011,CHEMBARAMBAKKAM,85.4,3645,81.55,2640,0,250,0,1670
15-11-2011,CHEMBARAMBAKKAM,85.4,3645,81.49,2625,0,190,0,1681
16-11-2011,CHEMBARAMBAKKAM,85.4,3645,81.43,2610,0,200,0,1698
17-11-2011,CHEMBARAMBAKKAM,85.4,3645,81.37,2596,0,200,2,1767
18-11-2011,CHEMBARAMBAKKAM,85.4,3645,81.6,2653,660,200,44,1818
19-11-2011,CHEMBARAMBAKKAM,85.4,3645,81.7,2678,489,200,9,1854
20-11-2011,CHEMBARAMBAKKAM,85.4,3645,81.7,2678,200,200,0,1877
21-11-2011,CHEMBARAMBAKKAM,85.4,3645,81.68,2673,100,170,0,1924
22-11-2011,CHEMBARAMBAKKAM,85.4,3645,81.66,2668,70,130,0,1951
23-11-2011,CHEMBARAMBAKKAM,85.4,3645,81.62,2658,0,130,0,1973
24-11-2011,CHEMBARAMBAKKAM,85.4,3645,81.58,2648,0,130,0,2000
25-11-2011,CHEMBARAMBAKKAM,85.4,3645,81.7,2678,477,130,60,2030
26-11-2011,CHEMBARAMBAKKAM,85.4,3645,82,2753,1298,430,36,2049
27-11-2011,CHEMBARAMBAKKAM,85.4,3645,82.07,2771,2838,2630,59,2069
28-11-2011,CHEMBARAMBAKKAM,85.4,3645,81.6,2653,3284,4650,43,2109
29-11-2011,CHEMBARAMBAKKAM,85.4,3645,81.46,2618,745,1150,2,2128
30-11-2011,CHEMBARAMBAKKAM,85.4,3645,81.6,2653,805,400,0,2150
01-12-2011,CHEMBARAMBAKKAM,85.4,3645,81.68,2673,630,400,0,2202
02-12-2011,CHEMBARAMBAKKAM,85.4,3645,81.7,2678,458,400,0,2326
03-12-2011,CHEMBARAMBAKKAM,85.4,3645,81.73,2685,231,150,0,2432
04-12-2011,CHEMBARAMBAKKAM,85.4,3645,81.76,2693,243,150,0,2481
05-12-2011,CHEMBARAMBAKKAM,85.4,3645,81.76,2693,150,150,0,2525
06-12-2011,CHEMBARAMBAKKAM,85.4,3645,81.76,2693,150,150,0,2616
07-12-2011,CHEMBARAMBAKKAM,85.4,3645,81.76,2693,150,150,0,2838
08-12-2011,CHEMBARAMBAKKAM,85.4,3645,81.75,2690,115,150,0,2892
09-12-2011,CHEMBARAMBAKKAM,85.4,3645,81.72,2683,70,150,0,2855
10-12-2011,CHEMBARAMBAKKAM,85.4,3645,81.75,2690,230,150,3,2855
11-12-2011,CHEMBARAMBAKKAM,85.4,3645,81.73,2685,70,130,0,2862
12-12-2011,CHEMBARAMBAKKAM,85.4,3645,81.7,2678,50,130,0,2857
13-12-2011,CHEMBARAMBAKKAM,85.4,3645,81.67,2671,50,130,0,2889
14-12-2011,CHEMBARAMBAKKAM,85.4,3645,81.63,2660,20,130,0,2895
15-12-2011,CHEMBARAMBAKKAM,85.4,3645,81.6,2653,70,130,8,2908
16-12-2011,CHEMBARAMBAKKAM,85.4,3645,81.67,2670,346,130,25,2921
17-12-2011,CHEMBARAMBAKKAM,85.4,3645,81.67,2670,150,150,0,2960
18-12-2011,CHEMBARAMBAKKAM,85.4,3645,81.64,2663,70,150,0,2986
19-12-2011,CHEMBARAMBAKKAM,85.4,3645,81.61,2656,60,150,0,2986
20-12-2011,CHEMBARAMBAKKAM,85.4,3645,81.58,2648,70,150,0,2991
21-12-2011,CHEMBARAMBAKKAM,85.4,3645,81.55,2641,70,150,0,2999
22-12-2011,CHEMBARAMBAKKAM,85.4,3645,81.53,2634,70,150,0,2999
23-12-2011,CHEMBARAMBAKKAM,85.4,3645,81.49,2625,50,150,0,2999
24-12-2011,CHEMBARAMBAKKAM,85.4,3645,81.45,2616,50,150,0,2999
25-12-2011,CHEMBARAMBAKKAM,85.4,3645,81.42,2607,60,150,0,3043
26-12-2011,CHEMBARAMBAKKAM,85.4,3645,81.39,2601,70,150,0,3070
27-12-2011,CHEMBARAMBAKKAM,85.4,3645,81.36,2592,50,150,0,3115
28-12-2011,CHEMBARAMBAKKAM,85.4,3645,81.32,2583,50,150,0,3120
29-12-2011,CHEMBARAMBAKKAM,85.4,3645,81.28,2574,50,150,0,3123
30-12-2011,CHEMBARAMBAKKAM,85.4,3645,81.35,2591,345,150,59,3130
31-12-2011,CHEMBARAMBAKKAM,85.4,3645,81.99,2751,2000,150,86,3130
01-11-2012,CHEMBARAMBAKKAM,85.4,3645,74.45,1193,460,90,19,2735
02-11-2012,CHEMBARAMBAKKAM,85.4,3645,74.55,1210,287,90,0,2769
03-11-2012,CHEMBARAMBAKKAM,85.4,3645,74.72,1238,414,90,20,2786
04-11-2012,CHEMBARAMBAKKAM,85.4,3645,74.8,1251,240,90,3,2807
05-11-2012,CHEMBARAMBAKKAM,85.4,3645,74.9,1268,287,90,0,2882
06-11-2012,CHEMBARAMBAKKAM,85.4,3645,74.96,1278,206,90,0,2986
07-11-2012,CHEMBARAMBAKKAM,85.4,3645,75,1283,148,90,0,2827
08-11-2012,CHEMBARAMBAKKAM,85.4,3645,75.02,1288,148,90,0,2776
09-11-2012,CHEMBARAMBAKKAM,85.4,3645,75.02,1288,90,90,0,2728
10-11-2012,CHEMBARAMBAKKAM,85.4,3645,75.02,1288,90,90,0,2715
11-11-2012,CHEMBARAMBAKKAM,85.4,3645,75.01,1285,58,90,0,2690
12-11-2012,CHEMBARAMBAKKAM,85.4,3645,74.98,1280,35,90,0,2675
13-11-2012,CHEMBARAMBAKKAM,85.4,3645,74.93,1273,0,90,0,2658
14-11-2012,CHEMBARAMBAKKAM,85.4,3645,74.88,1265,0,90,0,2640
15-11-2012,CHEMBARAMBAKKAM,85.4,3645,74.84,1257,0,90,0,2625
16-11-2012,CHEMBARAMBAKKAM,85.4,3645,74.79,1249,0,90,0,2610
17-11-2012,CHEMBARAMBAKKAM,85.4,3645,74.74,1242,0,90,0,2596
18-11-2012,CHEMBARAMBAKKAM,85.4,3645,74.7,1235,0,90,0,2653
19-11-2012,CHEMBARAMBAKKAM,85.4,3645,74.66,1228,0,90,0,2678
20-11-2012,CHEMBARAMBAKKAM,85.4,3645,74.62,1221,0,90,0,2678
21-11-2012,CHEMBARAMBAKKAM,85.4,3645,74.58,1214,0,90,0,2673
22-11-2012,CHEMBARAMBAKKAM,85.4,3645,74.53,1207,0,90,0,2668
23-11-2012,CHEMBARAMBAKKAM,85.4,3645,74.49,1200,0,90,3,2658
24-11-2012,CHEMBARAMBAKKAM,85.4,3645,74.44,1192,0,90,0,2648
25-11-2012,CHEMBARAMBAKKAM,85.4,3645,74.4,1185,0,90,0,2678
26-11-2012,CHEMBARAMBAKKAM,85.4,3645,74.35,1177,0,90,0,2753
27-11-2012,CHEMBARAMBAKKAM,85.4,3645,74.3,1169,0,90,0,2771
28-11-2012,CHEMBARAMBAKKAM,85.4,3645,74.25,1162,0,90,0,2653
29-11-2012,CHEMBARAMBAKKAM,85.4,3645,74.21,1155,0,90,0,2618
30-11-2012,CHEMBARAMBAKKAM,85.4,3645,74.16,1148,0,90,0,2653
01-12-2012,CHEMBARAMBAKKAM,85.4,3645,74.12,1141,0,90,0,2673
02-12-2012,CHEMBARAMBAKKAM,85.4,3645,74.08,1134,0,80,0,2678
03-12-2012,CHEMBARAMBAKKAM,85.4,3645,74.03,1127,0,80,3,2685
04-12-2012,CHEMBARAMBAKKAM,85.4,3645,74.66,1227,1237,80,93,2693
05-12-2012,CHEMBARAMBAKKAM,85.4,3645,75.13,1307,1005,80,7,2693
06-12-2012,CHEMBARAMBAKKAM,85.4,3645,75.28,1332,379,80,0,2693
07-12-2012,CHEMBARAMBAKKAM,85.4,3645,75.36,1345,230,80,0,2693
08-12-2012,CHEMBARAMBAKKAM,85.4,3645,75.38,1350,103,95,0,2690
09-12-2012,CHEMBARAMBAKKAM,85.4,3645,75.4,1352,103,80,0,2683
10-12-2012,CHEMBARAMBAKKAM,85.4,3645,75.4,1352,80,80,0,2690
11-12-2012,CHEMBARAMBAKKAM,85.4,3645,75.38,1349,46,80,0,2685
12-12-2012,CHEMBARAMBAKKAM,85.4,3645,75.34,1342,0,80,0,2678
13-12-2012,CHEMBARAMBAKKAM,85.4,3645,75.3,1335,0,90,0,2671
14-12-2012,CHEMBARAMBAKKAM,85.4,3645,75.25,1327,0,90,0,2660
15-12-2012,CHEMBARAMBAKKAM,85.4,3645,75.21,1320,0,80,0,2653
16-12-2012,CHEMBARAMBAKKAM,85.4,3645,75.15,1310,0,80,0,2670
17-12-2012,CHEMBARAMBAKKAM,85.4,3645,75.09,1300,0,115,0,2670
18-12-2012,CHEMBARAMBAKKAM,85.4,3645,75.03,1290,0,115,0,2663
19-12-2012,CHEMBARAMBAKKAM,85.4,3645,74.98,1280,0,115,0,2656
20-12-2012,CHEMBARAMBAKKAM,85.4,3645,74.92,1270,0,115,0,2648
21-12-2012,CHEMBARAMBAKKAM,85.4,3645,74.85,1259,0,125,0,2641
22-12-2012,CHEMBARAMBAKKAM,85.4,3645,74.78,1248,0,125,0,2634
23-12-2012,CHEMBARAMBAKKAM,85.4,3645,74.71,1236,0,135,0,2625
24-12-2012,CHEMBARAMBAKKAM,85.4,3645,74.64,1225,0,135,0,2616
25-12-2012,CHEMBARAMBAKKAM,85.4,3645,74.58,1215,0,100,0,2607
26-12-2012,CHEMBARAMBAKKAM,85.4,3645,74.53,1207,0,100,0,2601
27-12-2012,CHEMBARAMBAKKAM,85.4,3645,74.48,1198,0,100,0,2592
28-12-2012,CHEMBARAMBAKKAM,85.4,3645,74.43,1190,0,100,0,2583
29-12-2012,CHEMBARAMBAKKAM,85.4,3645,74.37,1181,0,100,13,2574
30-12-2012,CHEMBARAMBAKKAM,85.4,3645,74.65,1226,586,65,42.5,2591
31-12-2012,CHEMBARAMBAKKAM,85.4,3645,74.7,1234,119,15,0,2751
01-11-2013,CHEMBARAMBAKKAM,85.4,3645,71.4,749,0,42,0,1193
02-11-2013,CHEMBARAMBAKKAM,85.4,3645,71.37,745,0,49,0,1210
03-11-2013,CHEMBARAMBAKKAM,85.4,3645,71.33,740,0,52,5,1238
04-11-2013,CHEMBARAMBAKKAM,85.4,3645,71.4,749,154,50,12,1251
05-11-2013,CHEMBARAMBAKKAM,85.4,3645,73.13,990,75,72,0,1307
06-11-2013,CHEMBARAMBAKKAM,85.4,3645,71.41,751,52,52,0,1278
07-11-2013,CHEMBARAMBAKKAM,85.4,3645,71.38,747,0,50,0,1283
08-11-2013,CHEMBARAMBAKKAM,85.4,3645,71.35,743,0,50,0,1288
09-11-2013,CHEMBARAMBAKKAM,85.4,3645,71.32,739,0,50,0,1288
10-11-2013,CHEMBARAMBAKKAM,85.4,3645,71.29,735,0,50,0,1288
11-11-2013,CHEMBARAMBAKKAM,85.4,3645,71.26,731,0,50,0,1285
12-11-2013,CHEMBARAMBAKKAM,85.4,3645,71.22,726,0,55,0,1280
13-11-2013,CHEMBARAMBAKKAM,85.4,3645,71.19,722,0,50,0,1273
14-11-2013,CHEMBARAMBAKKAM,85.4,3645,71.15,717,0,56,0,1265
15-11-2013,CHEMBARAMBAKKAM,85.4,3645,71.12,713,0,50,0,1257
16-11-2013,CHEMBARAMBAKKAM,85.4,3645,71.12,713,50,50,2,1249
17-11-2013,CHEMBARAMBAKKAM,85.4,3645,71.9,816,1240,50,125,1242
18-11-2013,CHEMBARAMBAKKAM,85.4,3645,72.28,868,651,50,51,1235
19-11-2013,CHEMBARAMBAKKAM,85.4,3645,72.94,962,2005,17,1,1228
20-11-2013,CHEMBARAMBAKKAM,85.4,3645,73.16,994,414,44,0,1221
21-11-2013,CHEMBARAMBAKKAM,85.4,3645,73.19,999,130,72,0,1214
22-11-2013,CHEMBARAMBAKKAM,85.4,3645,73.19,999,72,72,0,1207
23-11-2013,CHEMBARAMBAKKAM,85.4,3645,73.15,993,0,72,0,1200
24-11-2013,CHEMBARAMBAKKAM,85.4,3645,73.12,988,0,59,2,1192
25-11-2013,CHEMBARAMBAKKAM,85.4,3645,73.09,984,0,54,0,1185
26-11-2013,CHEMBARAMBAKKAM,85.4,3645,73.04,976,0,58,0,1177
27-11-2013,CHEMBARAMBAKKAM,85.4,3645,73.02,972,0,52,0,1169
28-11-2013,CHEMBARAMBAKKAM,85.4,3645,72.98,968,0,52,0,1162
29-11-2013,CHEMBARAMBAKKAM,85.4,3645,72.96,964,0,50,0,1155
30-11-2013,CHEMBARAMBAKKAM,85.4,3645,72.93,960,0,52,0,1148
01-12-2013,CHEMBARAMBAKKAM,85.4,3645,72.9,956,0,50,2,1141
02-12-2013,CHEMBARAMBAKKAM,85.4,3645,72.87,951,0,58,5,1134
03-12-2013,CHEMBARAMBAKKAM,85.4,3645,73.05,975,328,50,30,1127
04-12-2013,CHEMBARAMBAKKAM,85.4,3645,73.1,985,166,50,0,1227
05-12-2013,CHEMBARAMBAKKAM,85.4,3645,73.13,990,75,72,0,1307
06-12-2013,CHEMBARAMBAKKAM,85.4,3645,73.09,984,0,72,0,1332
07-12-2013,CHEMBARAMBAKKAM,85.4,3645,73.05,978,0,77,0,1345
08-12-2013,CHEMBARAMBAKKAM,85.4,3645,73.01,972,0,72,3,1350
09-12-2013,CHEMBARAMBAKKAM,85.4,3645,72.97,966,0,72,0,1352
10-12-2013,CHEMBARAMBAKKAM,85.4,3645,72.92,959,0,84,0,1352
11-12-2013,CHEMBARAMBAKKAM,85.4,3645,72.88,953,0,72,0,1349
12-12-2013,CHEMBARAMBAKKAM,85.4,3645,72.84,947,0,72,0,1342
13-12-2013,CHEMBARAMBAKKAM,85.4,3645,72.89,954,80,72,11,1335
14-12-2013,CHEMBARAMBAKKAM,85.4,3645,72.89,954,70,70,2,1327
15-12-2013,CHEMBARAMBAKKAM,85.4,3645,72.85,948,0,72,0,1320
16-12-2013,CHEMBARAMBAKKAM,85.4,3645,72.8,942,0,72,0,1310
17-12-2013,CHEMBARAMBAKKAM,85.4,3645,72.76,936,0,72,0,1300
18-12-2013,CHEMBARAMBAKKAM,85.4,3645,72.72,930,0,72,0,1290
19-12-2013,CHEMBARAMBAKKAM,85.4,3645,72.68,925,0,58,0,1280
20-12-2013,CHEMBARAMBAKKAM,85.4,3645,72.65,920,0,58,0,1270
21-12-2013,CHEMBARAMBAKKAM,85.4,3645,72.62,916,0,54,0,1259
22-12-2013,CHEMBARAMBAKKAM,85.4,3645,72.59,912,0,50,0,1248
23-12-2013,CHEMBARAMBAKKAM,85.4,3645,72.56,909,0,44,0,1236
24-12-2013,CHEMBARAMBAKKAM,85.4,3645,72.55,906,0,47,0,1225
25-12-2013,CHEMBARAMBAKKAM,85.4,3645,72.52,902,0,46,0,1215
26-12-2013,CHEMBARAMBAKKAM,85.4,3645,72.49,898,0,46,0,1207
27-12-2013,CHEMBARAMBAKKAM,85.4,3645,72.47,894,0,46,0,1198
28-12-2013,CHEMBARAMBAKKAM,85.4,3645,72.44,890,0,46,0,1190
29-12-2013,CHEMBARAMBAKKAM,85.4,3645,72.42,887,0,46,0,1181
30-12-2013,CHEMBARAMBAKKAM,85.4,3645,72.39,883,0,46,0,1226
31-12-2013,CHEMBARAMBAKKAM,85.4,3645,72.36,879,0,46,0,1234
01-11-2014,CHEMBARAMBAKKAM,85.4,3645,74.56,1211,88,88,5,749
02-11-2014,CHEMBARAMBAKKAM,85.4,3645,74.57,1213,109,86,5,745
03-11-2014,CHEMBARAMBAKKAM,85.4,3645,74.57,1213,86,86,10,740
04-11-2014,CHEMBARAMBAKKAM,85.4,3645,74.53,1206,0,82,0,749
05-11-2014,CHEMBARAMBAKKAM,85.4,3645,74.48,1199,0,86,0,751
06-11-2014,CHEMBARAMBAKKAM,85.4,3645,74.44,1192,0,82,0,751
07-11-2014,CHEMBARAMBAKKAM,85.4,3645,74.4,1185,0,86,0,747
08-11-2014,CHEMBARAMBAKKAM,85.4,3645,74.35,1177,0,92,0,743
09-11-2014,CHEMBARAMBAKKAM,85.4,3645,74.3,1169,0,92,0,739
10-11-2014,CHEMBARAMBAKKAM,85.4,3645,74.25,1162,0,88,0,735
11-11-2014,CHEMBARAMBAKKAM,85.4,3645,74.2,1154,0,88,0,731
12-11-2014,CHEMBARAMBAKKAM,85.4,3645,74.2,1154,82,82,15,726
13-11-2014,CHEMBARAMBAKKAM,85.4,3645,74.58,1214,776,82,82,722
14-11-2014,CHEMBARAMBAKKAM,85.4,3645,74.79,1250,499,82,82,717
15-11-2014,CHEMBARAMBAKKAM,85.4,3645,74.97,1279,428,92,10,713
16-11-2014,CHEMBARAMBAKKAM,85.4,3645,75.02,1288,190,86,0,713
17-11-2014,CHEMBARAMBAKKAM,85.4,3645,75.02,1288,86,86,0,816
18-11-2014,CHEMBARAMBAKKAM,85.4,3645,74.98,1281,86,82,0,868
19-11-2014,CHEMBARAMBAKKAM,85.4,3645,74.94,1274,0,84,0,962
20-11-2014,CHEMBARAMBAKKAM,85.4,3645,74.9,1267,0,82,0,994
21-11-2014,CHEMBARAMBAKKAM,85.4,3645,74.86,1260,0,80,0,999
22-11-2014,CHEMBARAMBAKKAM,85.4,3645,74.81,1253,0,82,0,999
23-11-2014,CHEMBARAMBAKKAM,85.4,3645,74.77,1246,0,82,0,993
24-11-2014,CHEMBARAMBAKKAM,85.4,3645,74.73,1239,0,78,0,988
25-11-2014,CHEMBARAMBAKKAM,85.4,3645,74.68,1231,0,92,0,984
26-11-2014,CHEMBARAMBAKKAM,85.4,3645,74.64,1224,0,88,0,976
27-11-2014,CHEMBARAMBAKKAM,85.4,3645,74.59,1217,0,82,0,972
28-11-2014,CHEMBARAMBAKKAM,85.4,3645,74.55,1210,0,88,0,968
29-11-2014,CHEMBARAMBAKKAM,85.4,3645,74.51,1203,0,88,0,964
30-11-2014,CHEMBARAMBAKKAM,85.4,3645,74.48,1196,0,82,0,960
01-12-2014,CHEMBARAMBAKKAM,85.4,3645,74.42,1189,0,88,3,956
02-12-2014,CHEMBARAMBAKKAM,85.4,3645,74.37,1181,0,92,0,951
03-12-2014,CHEMBARAMBAKKAM,85.4,3645,74.32,1173,0,92,0,975
04-12-2014,CHEMBARAMBAKKAM,85.4,3645,74.27,1165,0,92,0,985
05-12-2014,CHEMBARAMBAKKAM,85.4,3645,74.23,1158,0,82,0,990
06-12-2014,CHEMBARAMBAKKAM,85.4,3645,44.18,1151,0,78,0,984
07-12-2014,CHEMBARAMBAKKAM,85.4,3645,74.15,1145,0,74,0,978
08-12-2014,CHEMBARAMBAKKAM,85.4,3645,74.11,1139,0,74,0,972
09-12-2014,CHEMBARAMBAKKAM,85.4,3645,74.07,1133,0,70,0,966
10-12-2014,CHEMBARAMBAKKAM,85.4,3645,74.01,1123,0,113,0,959
11-12-2014,CHEMBARAMBAKKAM,85.4,3645,73.96,1115,0,92,10,953
12-12-2014,CHEMBARAMBAKKAM,85.4,3645,73.91,1107,0,92,12,947
13-12-2014,CHEMBARAMBAKKAM,85.4,3645,73.86,1100,0,78,0,954
14-12-2014,CHEMBARAMBAKKAM,85.4,3645,73.82,1094,0,74,15,954
15-12-2014,CHEMBARAMBAKKAM,85.4,3645,73.78,1088,0,74,0,948
16-12-2014,CHEMBARAMBAKKAM,85.4,3645,73.74,1082,0,70,0,942
17-12-2014,CHEMBARAMBAKKAM,85.4,3645,73.7,1076,0,70,0,936
18-12-2014,CHEMBARAMBAKKAM,85.4,3645,73.67,1070,0,70,0,930
19-12-2014,CHEMBARAMBAKKAM,85.4,3645,73.62,1063,0,86,0,925
20-12-2014,CHEMBARAMBAKKAM,85.4,3645,73.57,1056,0,86,0,920
21-12-2014,CHEMBARAMBAKKAM,85.4,3645,73.52,1048,0,92,0,916
22-12-2014,CHEMBARAMBAKKAM,85.4,3645,73.47,1040,0,92,0,912
23-12-2014,CHEMBARAMBAKKAM,85.4,3645,73.42,1032,0,92,0,909
24-12-2014,CHEMBARAMBAKKAM,85.4,3645,73.36,1024,0,92,0,906
25-12-2014,CHEMBARAMBAKKAM,85.4,3645,73.31,1016,0,92,0,902
26-12-2014,CHEMBARAMBAKKAM,85.4,3645,73.25,1008,0,92,0,898
27-12-2014,CHEMBARAMBAKKAM,85.4,3645,73.2,1000,0,92,0,894
28-12-2014,CHEMBARAMBAKKAM,85.4,3645,73.15,992,0,92,0,890
29-12-2014,CHEMBARAMBAKKAM,85.4,3645,73.09,984,0,92,10,887
30-12-2014,CHEMBARAMBAKKAM,85.4,3645,73.09,984,92,92,45,883
31-12-2014,CHEMBARAMBAKKAM,85.4,3645,73.04,976,0,92,0,879
01-11-2015,CHEMBARAMBAKKAM,85.4,3645,66.48,228,127,46,27,1211
02-11-2015,CHEMBARAMBAKKAM,85.4,3645,66.62,239,180,46,22,1213
03-11-2015,CHEMBARAMBAKKAM,85.4,3645,66.7,245,115,48,2,1213
04-11-2015,CHEMBARAMBAKKAM,85.4,3645,66.8,254,150,50,5,1206
05-11-2015,CHEMBARAMBAKKAM,85.4,3645,66.8,254,46,46,0,1199
06-11-2015,CHEMBARAMBAKKAM,85.4,3645,66.78,252,24,48,0,1192
07-11-2015,CHEMBARAMBAKKAM,85.4,3645,66.73,248,0,48,0,1185
08-11-2015,CHEMBARAMBAKKAM,85.4,3645,66.96,267,276,50,34,1177
09-11-2015,CHEMBARAMBAKKAM,85.4,3645,69.41,508,2839,50,188,1169
10-11-2015,CHEMBARAMBAKKAM,85.4,3645,71.72,791,3330,54,92,1162
11-11-2015,CHEMBARAMBAKKAM,85.4,3645,72.4,885,1159,71,5,1154
12-11-2015,CHEMBARAMBAKKAM,85.4,3645,73.23,1004,1448,71,44,1154
13-11-2015,CHEMBARAMBAKKAM,85.4,3645,74.75,1243,2837,71,75,1214
14-11-2015,CHEMBARAMBAKKAM,85.4,3645,76.95,1634,4589,74,26,1250
15-11-2015,CHEMBARAMBAKKAM,85.4,3645,78.15,1869,2784,64,3,1279
16-11-2015,CHEMBARAMBAKKAM,85.4,3645,81.8,2703,9717,64,282,1288
17-11-2015,CHEMBARAMBAKKAM,85.4,3645,83.7,3197,12031,18000,25,1288
18-11-2015,CHEMBARAMBAKKAM,85.4,3645,83.1,3040,4247,800,0,1281
19-11-2015,CHEMBARAMBAKKAM,85.4,3645,83.45,3132,1624,500,3,1274
20-11-2015,CHEMBARAMBAKKAM,85.4,3645,83.97,3268,3798,4000,55,1267
21-11-2015,CHEMBARAMBAKKAM,85.4,3645,83.7,3197,2178,2000,15,1260
22-11-2015,CHEMBARAMBAKKAM,85.4,3645,83.6,3172,1460,1500,22,1253
23-11-2015,CHEMBARAMBAKKAM,85.4,3645,83.8,3223,3649,4000,44,1246
24-11-2015,CHEMBARAMBAKKAM,85.4,3645,83.8,3223,5842,6000,109,1239
25-11-2015,CHEMBARAMBAKKAM,85.4,3645,83.68,3191,5629,5000,0,1231
26-11-2015,CHEMBARAMBAKKAM,85.4,3645,83.48,3140,2165,2500,0,1224
27-11-2015,CHEMBARAMBAKKAM,85.4,3645,83.4,3120,1100,1000,0,1217
28-11-2015,CHEMBARAMBAKKAM,85.4,3645,83.41,3125,610,500,0,1210
29-11-2015,CHEMBARAMBAKKAM,85.4,3645,83.45,3132,510,570,3,1203
30-11-2015,CHEMBARAMBAKKAM,85.4,3645,83.42,3126,500,600,17,1196
01-12-2015,CHEMBARAMBAKKAM,85.4,3645,83.48,3141,960,900,17,1189
02-12-2015,CHEMBARAMBAKKAM,85.4,3645,84.47,3396,26000,29000,475,1181
03-12-2015,CHEMBARAMBAKKAM,85.4,3645,83.3,3094,10200,11000,35,1173
04-12-2015,CHEMBARAMBAKKAM,85.4,3645,83.45,3132,4900,5000,12,1165
05-12-2015,CHEMBARAMBAKKAM,85.4,3645,83.35,3108,3493,3500,40,1158
06-12-2015,CHEMBARAMBAKKAM,85.4,3645,83.15,3053,2363,3000,14,1151
07-12-2015,CHEMBARAMBAKKAM,85.4,3645,83.08,3035,3167,4000,38,1145
08-12-2015,CHEMBARAMBAKKAM,85.4,3645,82.9,2986,200,178,0,1139
09-12-2015,CHEMBARAMBAKKAM,85.4,3645,82.96,3002,685,790,2,1133
10-12-2015,CHEMBARAMBAKKAM,85.4,3645,82.89,2984,896,900,4,1123
11-12-2015,CHEMBARAMBAKKAM,85.4,3645,82.9,2986,107,84,0,1115
12-12-2015,CHEMBARAMBAKKAM,85.4,3645,82.98,2991,147,89,0,1107
13-12-2015,CHEMBARAMBAKKAM,85.4,3645,83.05,3028,520,92,0,1100
14-12-2015,CHEMBARAMBAKKAM,85.4,3645,83.23,3075,647,93,0,1094
15-12-2015,CHEMBARAMBAKKAM,85.4,3645,83.41,3123,645,89,0,1088
16-12-2015,CHEMBARAMBAKKAM,85.4,3645,83.59,3169,617,85,0,1082
17-12-2015,CHEMBARAMBAKKAM,85.4,3645,83.77,3215,617,93,0,1076
18-12-2015,CHEMBARAMBAKKAM,85.4,3645,83.74,3208,433,101,0,1070
19-12-2015,CHEMBARAMBAKKAM,85.4,3645,83.74,3208,101,101,0,1063
20-12-2015,CHEMBARAMBAKKAM,85.4,3645,83.74,3208,101,101,0,1056
21-12-2015,CHEMBARAMBAKKAM,85.4,3645,83.74,3208,101,101,0,1048
22-12-2015,CHEMBARAMBAKKAM,85.4,3645,83.74,3208,101,101,0,1040
23-12-2015,CHEMBARAMBAKKAM,85.4,3645,83.74,3208,94,94,0,1032
24-12-2015,CHEMBARAMBAKKAM,85.4,3645,83.74,3208,64,64,0,1024
25-12-2015,CHEMBARAMBAKKAM,85.4,3645,83.74,3208,56,56,0,1016
26-12-2015,CHEMBARAMBAKKAM,85.4,3645,83.73,3205,40,56,0,1008
27-12-2015,CHEMBARAMBAKKAM,85.4,3645,83.71,3199,30,99,0,1000
28-12-2015,CHEMBARAMBAKKAM,85.4,3645,83.66,3187,0,100,0,992
29-12-2015,CHEMBARAMBAKKAM,85.4,3645,83.63,3179,0,99,0,984
30-12-2015,CHEMBARAMBAKKAM,85.4,3645,83.6,3171,0,92,0,984
31-12-2015,CHEMBARAMBAKKAM,85.4,3645,83.56,3162,0,109,0,976
01-11-2016,CHEMBARAMBAKKAM,85.4,3645,69.94,569,0,151,0,228
02-11-2016,CHEMBARAMBAKKAM,85.4,3645,69.83,556,0,151,0,239
03-11-2016,CHEMBARAMBAKKAM,85.4,3645,69.72,543,0,149,14,245
04-11-2016,CHEMBARAMBAKKAM,85.4,3645,69.6,530,0,151,2,254
05-11-2016,CHEMBARAMBAKKAM,85.4,3645,69.49,517,0,151,0,254
06-11-2016,CHEMBARAMBAKKAM,85.4,3645,69.38,504,0,147,0,252
07-11-2016,CHEMBARAMBAKKAM,85.4,3645,69.26,491,153,151,0,248
08-11-2016,CHEMBARAMBAKKAM,85.4,3645,69.14,478,0,151,0,267
09-11-2016,CHEMBARAMBAKKAM,85.4,3645,69.02,465,0,150,0,508
10-11-2016,CHEMBARAMBAKKAM,85.4,3645,68.9,452,0,151,0,791
11-11-2016,CHEMBARAMBAKKAM,85.4,3645,68.78,439,0,149,0,885
12-11-2016,CHEMBARAMBAKKAM,85.4,3645,68.66,426,0,151,0,1004
13-11-2016,CHEMBARAMBAKKAM,85.4,3645,68.53,413,0,151,0,1243
14-11-2016,CHEMBARAMBAKKAM,85.4,3645,68.48,408,0,55,7,1634
15-11-2016,CHEMBARAMBAKKAM,85.4,3645,68.43,403,0,56,0,1869
16-11-2016,CHEMBARAMBAKKAM,85.4,3645,68.33,393,0,120,3,2703
17-11-2016,CHEMBARAMBAKKAM,85.4,3645,68.2,380,0,151,5,3197
18-11-2016,CHEMBARAMBAKKAM,85.4,3645,68.06,367,0,151,0,3040
19-11-2016,CHEMBARAMBAKKAM,85.4,3645,67.93,354,0,151,0,3132
20-11-2016,CHEMBARAMBAKKAM,85.4,3645,67.79,341,0,151,0,3268
21-11-2016,CHEMBARAMBAKKAM,85.4,3645,67.65,328,0,151,0,3197
22-11-2016,CHEMBARAMBAKKAM,85.4,3645,67.53,317,0,131,0,3172
23-11-2016,CHEMBARAMBAKKAM,85.4,3645,67.44,309,0,92,0,3223
24-11-2016,CHEMBARAMBAKKAM,85.4,3645,66.33,299,0,115,0,3223
25-11-2016,CHEMBARAMBAKKAM,85.4,3645,67.23,290,0,108,0,3191
26-11-2016,CHEMBARAMBAKKAM,85.4,3645,67.1,279,0,127,0,3140
27-11-2016,CHEMBARAMBAKKAM,85.4,3645,67.1,271,0,92,0,3120
28-11-2016,CHEMBARAMBAKKAM,85.4,3645,66.92,263,0,92,0,3125
29-11-2016,CHEMBARAMBAKKAM,85.4,3645,66.82,255,0,92,0,3132
30-11-2016,CHEMBARAMBAKKAM,85.4,3645,66.72,247,0,92,0,3126
01-12-2016,CHEMBARAMBAKKAM,85.4,3645,66.64,240,0,82,0,3141
02-12-2016,CHEMBARAMBAKKAM,85.4,3645,66.7,245,140,82,27,3396
03-12-2016,CHEMBARAMBAKKAM,85.4,3645,66.98,268,377,111,59,3094
04-12-2016,CHEMBARAMBAKKAM,85.4,3645,67,270,121,98,10,3132
05-12-2016,CHEMBARAMBAKKAM,85.4,3645,67.02,272,105,82,8,3108
06-12-2016,CHEMBARAMBAKKAM,85.4,3645,67.02,272,82,82,0,3053
07-12-2016,CHEMBARAMBAKKAM,85.4,3645,66.94,265,0,82,0,3035
08-12-2016,CHEMBARAMBAKKAM,85.4,3645,66.86,258,0,78,0,2986
09-12-2016,CHEMBARAMBAKKAM,85.4,3645,66.77,251,0,82,0,3002
10-12-2016,CHEMBARAMBAKKAM,85.4,3645,66.68,244,0,82,0,2984
11-12-2016,CHEMBARAMBAKKAM,85.4,3645,66.6,237,0,82,0,2986
12-12-2016,CHEMBARAMBAKKAM,85.4,3645,66.7,245,0,102,26,2991
13-12-2016,CHEMBARAMBAKKAM,85.4,3645,69.5,518,3291,132,214,3028
14-12-2016,CHEMBARAMBAKKAM,85.4,3645,70.6,648,1558,54,0,3075
15-12-2016,CHEMBARAMBAKKAM,85.4,3645,70.8,673,395,106,0,3123
16-12-2016,CHEMBARAMBAKKAM,85.4,3645,70.8,673,99,99,4,3169
01-11-2017,CHEMBARAMBAKKAM,85.4,3645,70.35,617,1970,60,34,569
02-11-2017,CHEMBARAMBAKKAM,85.4,3645,70.85,679,778,60,16,556
03-11-2017,CHEMBARAMBAKKAM,85.4,3645,71.4,749,876,66,69,543
04-11-2017,CHEMBARAMBAKKAM,85.4,3645,72.45,891,1716,73,49,530
05-11-2017,CHEMBARAMBAKKAM,85.4,3645,73.45,1037,1763,73,15,517
06-11-2017,CHEMBARAMBAKKAM,85.4,3645,74,1121,1045,73,21,504
07-11-2017,CHEMBARAMBAKKAM,85.4,3645,74.56,1211,1110,68,22,491
08-11-2017,CHEMBARAMBAKKAM,85.4,3645,74.99,1282,850,28,16,478
09-11-2017,CHEMBARAMBAKKAM,85.4,3645,75.25,1327,559,38,0,465
10-11-2017,CHEMBARAMBAKKAM,85.4,3645,75.35,1344,245,48,0,452
